<Stats>
  <Basic>
    <Name>Energy Shield</Name>
    <Sprite>Shield</Sprite>
    <Cost>10</Cost>
  </Basic>
  <Values>
    <Spread>0</Spread>
    <AimDistance>0</AimDistance>
    <AmountOfShots>1</AmountOfShots>
    <Speed>0</Speed>
    <Power>10</Power>
    <Knockback>0</Knockback>
    <Lifetime>2501</Lifetime>
    <Energycost>10</Energycost>
    <Radius>1</Radius>
    <Hp>0</Hp>
    <Cooldown>7000</Cooldown>
    <SpeedMulti>1</SpeedMulti>
    <PowerMulti>1</PowerMulti>
    <KnockbackMulti>1</KnockbackMulti>
    <LifetimeMulti>0.25</LifetimeMulti>
    <EnergycostMulti>1</EnergycostMulti>
    <RadiusMulti>0.01</RadiusMulti>
    <HpMulti>0</HpMulti>
    <CooldownMulti>0.25</CooldownMulti>
    <AccuracyMulti>1</AccuracyMulti>
  </Values>
  <Upgrade>
    <Speed>false</Speed>
    <Accuracy>false</Accuracy>
    <Power>false</Power>
    <Knockback>false</Knockback>
    <Cooldown>true</Cooldown>
    <Radius>false</Radius>
    <Lifetime>true</Lifetime>
    <EnergyCost>true</EnergyCost>
    <HP>false</HP>
  </Upgrade>
</Stats>