<Stats>
  <Basic>
    <Name>AOE Push </Name>
    <Sprite>AoEPush</Sprite>
    <Cost>10</Cost>
  </Basic>
  <Values>
    <Spread>0</Spread>
    <AimDistance>0</AimDistance>
    <AmountOfShots>1</AmountOfShots>
    <Speed>0</Speed>
    <Power>10</Power>
    <Knockback>60000</Knockback>
    <Lifetime>100000</Lifetime>
    <Energycost>5</Energycost>
    <Radius>5</Radius>
    <Hp>0</Hp>
    <Cooldown>3500</Cooldown>
    <SpeedMulti>0</SpeedMulti>
    <PowerMulti>0.35</PowerMulti>
    <KnockbackMulti>1</KnockbackMulti>
    <LifetimeMulti>1</LifetimeMulti>
    <EnergycostMulti>1</EnergycostMulti>
    <RadiusMulti>0.4</RadiusMulti>
    <HpMulti>0</HpMulti>
    <CooldownMulti>0.2</CooldownMulti>
    <AccuracyMulti>0</AccuracyMulti>
  </Values>
  <Upgrade>
    <Speed>false</Speed>
    <Accuracy>false</Accuracy>
    <Power>false</Power>
    <Knockback>true</Knockback>
    <Cooldown>true</Cooldown>
    <Radius>true</Radius>
    <Lifetime>false</Lifetime>
    <EnergyCost>true</EnergyCost>
    <HP>false</HP>
  </Upgrade>
</Stats>