<Stats>
  <Basic>
    <Name>Bouncy pro</Name>
    <Sprite>Bouncy</Sprite>
    <Cost>22</Cost>
  </Basic>
  <Values>
    <Spread>0</Spread>
    <AimDistance>3</AimDistance>
    <AmountOfShots>1</AmountOfShots>
    <Speed>3.3</Speed>
    <Power>18</Power>
    <Knockback>0</Knockback>
    <Lifetime>-1</Lifetime>
    <Energycost>10</Energycost>
    <Radius>10</Radius>
    <Hp>0</Hp>
    <Cooldown>1000</Cooldown>
    <SpeedMulti>0.25</SpeedMulti>
    <PowerMulti>0.28</PowerMulti>
    <KnockbackMulti>1</KnockbackMulti>
    <LifetimeMulti>0.2</LifetimeMulti>
    <EnergycostMulti>0.35</EnergycostMulti>
    <RadiusMulti>1</RadiusMulti>
    <HpMulti>0</HpMulti>
    <CooldownMulti>0.3</CooldownMulti>
    <AccuracyMulti>1</AccuracyMulti>
  </Values>
  <Upgrade>
    <Speed>true</Speed>
    <Accuracy>false</Accuracy>
    <Power>true</Power>
    <Knockback>false</Knockback>
    <Cooldown>true</Cooldown>
    <Radius>false</Radius>
    <Lifetime>true</Lifetime>
    <EnergyCost>true</EnergyCost>
    <HP>false</HP>
  </Upgrade>
</Stats>