<Stats>
  <Basic>
    <Name>Charge</Name>
    <Sprite>Charge</Sprite>
    <Cost>25</Cost>
  </Basic>
  <Values>
    <Spread>0</Spread>
    <AimDistance>10</AimDistance>
    <AmountOfShots>1</AmountOfShots>
    <Speed>10</Speed>
    <Power>0</Power>
    <Knockback>100</Knockback>
    <Lifetime>1000</Lifetime>
    <Energycost>10</Energycost>
    <Radius>10</Radius>
    <Hp>0</Hp>
    <Cooldown>3500</Cooldown>
    <SpeedMulti>0.35</SpeedMulti>
    <PowerMulti>1</PowerMulti>
    <KnockbackMulti>0</KnockbackMulti>
    <LifetimeMulti>0</LifetimeMulti>
    <EnergycostMulti>0.3</EnergycostMulti>
    <RadiusMulti>0</RadiusMulti>
    <HpMulti>0</HpMulti>
    <CooldownMulti>0.4</CooldownMulti>
    <AccuracyMulti>0</AccuracyMulti>
  </Values>
  <Upgrade>
    <Speed>true</Speed>
    <Accuracy>false</Accuracy>
    <Power>false</Power>
    <Knockback>true</Knockback>
    <Cooldown>true</Cooldown>
    <Radius>false</Radius>
    <Lifetime>true</Lifetime>
    <EnergyCost>true</EnergyCost>
    <HP>false</HP>
  </Upgrade>
</Stats>