<Stats>
  <Basic>
    <Name>Homing Missile</Name>
    <Sprite>Missile</Sprite>
    <Cost>15</Cost>
  </Basic>
  <Values>
    <Spread>0</Spread>
    <AimDistance>3.3</AimDistance>
    <AmountOfShots>1</AmountOfShots>
    <Speed>3.75</Speed>
    <Power>18</Power>
    <Knockback>27000</Knockback>
    <Lifetime>10000</Lifetime>
    <Energycost>25</Energycost>
    <Radius>3</Radius>
    <Hp>0</Hp>
    <Cooldown>2000</Cooldown>
    <SpeedMulti>0.3</SpeedMulti>
    <PowerMulti>0.28</PowerMulti>
    <KnockbackMulti>0.25</KnockbackMulti>
    <LifetimeMulti>1</LifetimeMulti>
    <EnergycostMulti>1</EnergycostMulti>
    <RadiusMulti>1</RadiusMulti>
    <HpMulti>0</HpMulti>
    <CooldownMulti>1</CooldownMulti>
    <AccuracyMulti>1</AccuracyMulti>
  </Values>
  <Upgrade>
    <Speed>true</Speed>
    <Accuracy>false</Accuracy>
    <Power>true</Power>
    <Knockback>true</Knockback>
    <Cooldown>false</Cooldown>
    <Radius>false</Radius>
    <Lifetime>true</Lifetime>
    <EnergyCost>true</EnergyCost>
    <HP>false</HP>
  </Upgrade>
</Stats>