<Stats>
  <Basic>
    <Name>LazorBeam</Name>
    <Sprite>Lazor</Sprite>
    <Cost>11</Cost>
  </Basic>
  <Values>
    <Spread>0</Spread>
    <AimDistance>0</AimDistance>
    <AmountOfShots>1</AmountOfShots>
    <Speed>0</Speed>
    <Power>22</Power>
    <Knockback>0</Knockback>
    <Lifetime>1000</Lifetime>
    <Energycost>33</Energycost>
    <Radius>10</Radius>
    <Hp>0</Hp>
    <Cooldown>2500</Cooldown>
    <SpeedMulti>1</SpeedMulti>
    <PowerMulti>0.5</PowerMulti>
    <KnockbackMulti>1</KnockbackMulti>
    <LifetimeMulti>0.25</LifetimeMulti>
    <EnergycostMulti>0.2</EnergycostMulti>
    <RadiusMulti>1</RadiusMulti>
    <HpMulti>0</HpMulti>
    <CooldownMulti>1</CooldownMulti>
    <AccuracyMulti>1</AccuracyMulti>
  </Values>
  <Upgrade>
    <Speed>false</Speed>
    <Accuracy>false</Accuracy>
    <Power>true</Power>
    <Knockback>false</Knockback>
    <Cooldown>false</Cooldown>
    <Radius>false</Radius>
    <Lifetime>true</Lifetime>
    <EnergyCost>true</EnergyCost>
    <HP>false</HP>
  </Upgrade>
</Stats>