<Stats>
  <Basic>
    <Name>Proximity Mine</Name>
    <Sprite>Mine</Sprite>
    <Cost>23</Cost>
  </Basic>
  <Values>
    <Spread>0</Spread>
    <AimDistance>0</AimDistance>
    <AmountOfShots>1</AmountOfShots>
    <Speed>0</Speed>
    <Power>0</Power>
    <Knockback>125000</Knockback>
    <Lifetime>-1</Lifetime>
    <Energycost>12</Energycost>
    <Radius>6</Radius>
    <Hp>0</Hp>
    <Cooldown>2500</Cooldown>
    <SpeedMulti>1</SpeedMulti>
    <PowerMulti>1</PowerMulti>
    <KnockbackMulti>0.22</KnockbackMulti>
    <LifetimeMulti>1</LifetimeMulti>
    <EnergycostMulti>0.3</EnergycostMulti>
    <RadiusMulti>1</RadiusMulti>
    <HpMulti>0</HpMulti>
    <CooldownMulti>0.35</CooldownMulti>
    <AccuracyMulti>1</AccuracyMulti>
  </Values>
  <Upgrade>
    <Speed>false</Speed>
    <Accuracy>false</Accuracy>
    <Power>true</Power>
    <Knockback>true</Knockback>
    <Cooldown>true</Cooldown>
    <Radius>true</Radius>
    <Lifetime>true</Lifetime>
    <EnergyCost>true</EnergyCost>
    <HP>false</HP>
  </Upgrade>
</Stats>