<Stats>
  <Basic>
    <Name>Bouncy pro</Name>
    <Sprite>Projectile2</Sprite>
    <Cost>22</Cost>
  </Basic>
  <Values>
    <Speed>3</Speed>
    <Power>18</Power>
    <Knockback>0</Knockback>
    <Lifetime>-1</Lifetime>
    <Energycost>10</Energycost>
    <Radius>10</Radius>
    <Hp>0</Hp>
    <SpeedMulti>1</SpeedMulti>
    <PowerMulti>1</PowerMulti>
    <KnockbackMulti>1</KnockbackMulti>
    <LifetimeMulti>1</LifetimeMulti>
    <EnergycostMulti>1</EnergycostMulti>
    <RadiusMulti>1</RadiusMulti>
    <HpMulti>0</HpMulti>
  </Values>
  <Upgrade>
    <Speed>true</Speed>
    <Power>true</Power>
    <Knockback>false</Knockback>
    <Cooldown>false</Cooldown>
    <Radius>false</Radius>
    <Lifetime>true</Lifetime>
    <EnergyCost>true</EnergyCost>
    <HP>false</HP>
  </Upgrade>
</Stats>