<Stats>
  <Basic>
    <Name>Ricochet Pro</Name>
    <Sprite>Ricochet</Sprite>
    <Cost>10</Cost>
  </Basic>
  <Values>
    <Spread>0</Spread>
    <AimDistance>4.3</AimDistance>
    <AmountOfShots>1</AmountOfShots>
    <Speed>4.7</Speed>
    <Power>14</Power>
    <Knockback>0</Knockback>
    <Lifetime>8000</Lifetime>
    <Energycost>21</Energycost>
    <Radius>10</Radius>
    <Hp>0</Hp>
    <Cooldown>870</Cooldown>
    <SpeedMulti>0.35</SpeedMulti>
    <PowerMulti>1</PowerMulti>
    <KnockbackMulti>1</KnockbackMulti>
    <LifetimeMulti>1</LifetimeMulti>
    <EnergycostMulti>0.34</EnergycostMulti>
    <RadiusMulti>1</RadiusMulti>
    <HpMulti>0</HpMulti>
    <CooldownMulti>0.2</CooldownMulti>
    <AccuracyMulti>1</AccuracyMulti>
  </Values>
  <Upgrade>
    <Speed>true</Speed>
    <Accuracy>false</Accuracy>
    <Power>true</Power>
    <Knockback>false</Knockback>
    <Cooldown>false</Cooldown>
    <Radius>false</Radius>
    <Lifetime>true</Lifetime>
    <EnergyCost>true</EnergyCost>
    <HP>false</HP>
  </Upgrade>
</Stats>