<Stats>
  <Basic>
    <Name>Basic Missile</Name>
    <Sprite>Homing</Sprite>
    <Cost>44</Cost>
  </Basic>
  <Values>
    <Spread>0</Spread>
    <AimDistance>20</AimDistance>
    <AmountOfShots>1</AmountOfShots>
    <Speed>4.9</Speed>
    <Power>26</Power>
    <Knockback>25000</Knockback>
    <Lifetime>1500</Lifetime>
    <Energycost>35</Energycost>
    <Radius>3.5</Radius>
    <Hp>0</Hp>
    <Cooldown>2800</Cooldown>
    <SpeedMulti>0.3</SpeedMulti>
    <PowerMulti>0.24</PowerMulti>
    <KnockbackMulti>1</KnockbackMulti>
    <LifetimeMulti>1</LifetimeMulti>
    <EnergycostMulti>0.23</EnergycostMulti>
    <RadiusMulti>0.75</RadiusMulti>
    <HpMulti>0</HpMulti>
    <CooldownMulti>1</CooldownMulti>
    <AccuracyMulti>1</AccuracyMulti>
  </Values>
  <Upgrade>
    <Speed>true</Speed>
    <Accuracy>false</Accuracy>
    <Power>true</Power>
    <Knockback>true</Knockback>
    <Cooldown>false</Cooldown>
    <Radius>true</Radius>
    <Lifetime>true</Lifetime>
    <EnergyCost>true</EnergyCost>
    <HP>false</HP>
  </Upgrade>
</Stats>