<Stats>
  <Basic>
    <Name>Rapidfire Pro</Name>
    <Sprite>Flare</Sprite>
    <Cost>10</Cost>
  </Basic>
  <Values>
    <Spread>35</Spread>
    <AimDistance>10</AimDistance>
    <AmountOfShots>1</AmountOfShots>
    <Speed>4.2</Speed>
    <Power>7</Power>
    <Knockback>0</Knockback>
    <Lifetime>8000</Lifetime>
    <Energycost>6.2</Energycost>
    <Radius>10</Radius>
    <Hp>8</Hp>
    <Cooldown>111</Cooldown>
    <SpeedMulti>0.25</SpeedMulti>
    <PowerMulti>0.2</PowerMulti>
    <KnockbackMulti>1</KnockbackMulti>
    <LifetimeMulti>1</LifetimeMulti>
    <EnergycostMulti>0.45</EnergycostMulti>
    <RadiusMulti>1</RadiusMulti>
    <HpMulti>0</HpMulti>
    <CooldownMulti>0.5</CooldownMulti>
    <AccuracyMulti>0.75</AccuracyMulti>
  </Values>
  <Upgrade>
    <Speed>true</Speed>
    <Accuracy>true</Accuracy>
    <Power>false</Power>
    <Knockback>false</Knockback>
    <Cooldown>true</Cooldown>
    <Radius>false</Radius>
    <Lifetime>true</Lifetime>
    <EnergyCost>true</EnergyCost>
    <HP>false</HP>
  </Upgrade>
</Stats>