<Stats>
  <Basic>
    <Name>Shotgun</Name>
    <Sprite>Flare</Sprite>
    <Cost>33</Cost>
  </Basic>
  <Values>
    <Spread>45</Spread>
    <AimDistance>10</AimDistance>
    <AmountOfShots>5</AmountOfShots>
    <Speed>6.8</Speed>
    <Power>7.1</Power>
    <Knockback>0</Knockback>
    <Lifetime>625</Lifetime>
    <Energycost>19</Energycost>
    <Radius>10</Radius>
    <Hp>0</Hp>
    <Cooldown>855</Cooldown>
    <SpeedMulti>0.42</SpeedMulti>
    <PowerMulti>0.32</PowerMulti>
    <KnockbackMulti>1</KnockbackMulti>
    <LifetimeMulti>1</LifetimeMulti>
    <EnergycostMulti>0.3</EnergycostMulti>
    <RadiusMulti>1</RadiusMulti>
    <HpMulti>0</HpMulti>
    <CooldownMulti>1</CooldownMulti>
    <AccuracyMulti>0.5</AccuracyMulti>
  </Values>
  <Upgrade>
    <Speed>true</Speed>
    <Accuracy>true</Accuracy>
    <Power>true</Power>
    <Knockback>false</Knockback>
    <Cooldown>false</Cooldown>
    <Radius>false</Radius>
    <Lifetime>true</Lifetime>
    <EnergyCost>true</EnergyCost>
    <HP>false</HP>
  </Upgrade>
</Stats>