<Stats>
  <Basic>
    <Name>SlowMo Field</Name>
    <Sprite>SlowMo</Sprite>
    <Cost>22</Cost>
  </Basic>
  <Values>
    <Spread>0</Spread>
    <AimDistance>0</AimDistance>
    <AmountOfShots>1</AmountOfShots>
    <Speed>0</Speed>
    <Power>1</Power>
    <Knockback>0</Knockback>
    <Lifetime>8000</Lifetime>
    <Energycost>32</Energycost>
    <Radius>0</Radius>
    <Hp>0</Hp>
    <Cooldown>15000</Cooldown>
    <SpeedMulti>1</SpeedMulti>
    <PowerMulti>1</PowerMulti>
    <KnockbackMulti>1</KnockbackMulti>
    <LifetimeMulti>0</LifetimeMulti>
    <EnergycostMulti>0.3</EnergycostMulti>
    <RadiusMulti>1</RadiusMulti>
    <HpMulti>0</HpMulti>
    <CooldownMulti>1</CooldownMulti>
    <AccuracyMulti>1</AccuracyMulti>
  </Values>
  <Upgrade>
    <Speed>false</Speed>
    <Accuracy>false</Accuracy>
    <Power>false</Power>
    <Knockback>false</Knockback>
    <Cooldown>false</Cooldown>
    <Radius>false</Radius>
    <Lifetime>true</Lifetime>
    <EnergyCost>true</EnergyCost>
    <HP>false</HP>
  </Upgrade>
</Stats>