<Stats>
  <Basic>
    <Name>Teleport</Name>
    <Sprite>Teleport</Sprite>
    <Cost>12</Cost>
  </Basic>
  <Values>
    <Spread>0</Spread>
    <AimDistance>0</AimDistance>
    <AmountOfShots>1</AmountOfShots>
    <Speed>0</Speed>
    <Power>1</Power>
    <Knockback>0</Knockback>
    <Lifetime>0</Lifetime>
    <Energycost>10</Energycost>
    <Radius>3</Radius>
    <Hp>0</Hp>
    <Cooldown>5000</Cooldown>
    <SpeedMulti>1</SpeedMulti>
    <PowerMulti>0.5</PowerMulti>
    <KnockbackMulti>1</KnockbackMulti>
    <LifetimeMulti>0.2</LifetimeMulti>
    <EnergycostMulti>0.22</EnergycostMulti>
    <RadiusMulti>0.75</RadiusMulti>
    <HpMulti>0</HpMulti>
    <CooldownMulti>0.5</CooldownMulti>
    <AccuracyMulti>1</AccuracyMulti>
  </Values>
  <Upgrade>
    <Speed>false</Speed>
    <Accuracy>false</Accuracy>
    <Power>false</Power>
    <Knockback>false</Knockback>
    <Cooldown>true</Cooldown>
    <Radius>true</Radius>
    <Lifetime>false</Lifetime>
    <EnergyCost>true</EnergyCost>
    <HP>false</HP>
  </Upgrade>
</Stats>